<?xml version="1.0" encoding="UTF-8"?>
<metadata xml:lang="zh"><Esri><CreaDate>20161027</CreaDate><CreaTime>12505900</CreaTime><ArcGISFormat>1.0</ArcGISFormat><SyncOnce>TRUE</SyncOnce><DataProperties><itemProps><itemLocation><linkage Sync="TRUE">file://\\DANLI-THINKPAD\C$\DanLi\Download\TutorialData_DongGuan\Landuse Data\lu200080</linkage><protocol Sync="TRUE">Local Area Network</protocol></itemLocation></itemProps><copyHistory><copy source="C:\DanLi\Download\GD_Data\DG\Rasters\lu200080" dest="\\DANLI-THINKPAD\C$\DanLi\Download\TutorialData_DongGuan\Landuse Data\lu200080" date="20161027" time="12505900"></copy></copyHistory></DataProperties></Esri></metadata>
